publisher,average_rating
18-Oct,3.65
1st Book Library,3.58
1st World Library,4.18
A & C Black (Childrens books),4.4
A Harvest Book/Harcourt  Inc.,4.07
A K PETERS,4.5
AA World Services,4.45
ACE,3.56
ADV Manga,4.038
AHA! Process,3.9
AIT Planet Lar,3.0
AK Press,3.93
AMR/Advanced Management Reports,0.0
ASCD,3.25
AVA Publishing,3.62
Abacus,3.921666666666667
Abacus Books,4.21
Abacus Books (London),3.87
Abdo Publishing Company,4.306666666666667
Abingdon Press,4.27
Abradale Books/Harry N. Abrams,4.11
Abraham Guillen Press,3.31
Abrams,3.69
Absolute Press,3.55
Abstract Studio,4.38
Academic Press,4.0
Academica Press,5.0
Academy Chicago Publishers,3.81
Ace,3.8220000000000005
Ace Book,4.01
Ace Books,3.8708333333333336
Ace Hardcover,4.36
Ace Trade,3.3049999999999997
Ace/SFBC,4.01
Acento Editorial,4.21
Acropolis Books (NY),4.33
Actes Sud,3.9050000000000002
Adamant Media Corporation,3.7
Adams Media,3.825
Addison Wesley,3.83
Addison Wesley Publishing Company,4.273999999999999
Addison-Wesley Professional,4.1899999999999995
Advantage World Press,3.74
Adventures Unlimited Press,3.9299999999999997
Aegypan,3.78
Aerie,3.64
Aivia Press,4.04
Akashic Books/Punk Planet Books,3.72
Aladdin,3.880526315789474
Aladdin Paperbacks,3.975454545454546
Alan Rodgers Books,4.04
Albert Whitman  Company,3.94
Albin Michel,3.8
Albury Publishing,4.21
Alcoholics Anonymous World Services Inc,4.45
Alderac Entertainment Group,3.78
Alderac Entertainment Group (AEG),3.68
Alfabeta Bokförlag,3.0
Alfaguara,3.8280000000000003
Alfaguara Infantil,4.05
Alfred A. Knopf,3.8509677419354835
Alfred A. Knopf  Inc.,3.71
Alfred A. Knopf Books for Young Readers,3.996
Alfred A. Knopf Borzoi Books,4.07
Alfred A.Knopf,4.03
Algonquin Books,3.748
Alianza Editorial,4.04
Alison Green Books,3.53
Allen & Ulwin,3.5
Allen Lane,4.025
Alliance Publishing,3.09
Allworth,3.56
Allyn & Bacon,3.6466666666666665
Alpha,3.92
Alpha Books,3.32
Alyson Books,3.59
Amadeus,3.5
Amereon Limited,3.68
Amereon Ltd,3.91
America's Test Kitchen,4.46
American Diabetes Association,3.42
American Girl Publishing Inc,4.1339999999999995
American University in Cairo Press,3.55
Amherst Media,3.38
Amherst Media  Inc.,3.62
Amistad,3.8880000000000003
Amistad Press,4.03
Anagrama,4.025714285714286
Anchor,3.9008064516129033
Anchor Bible,4.0
Anchor Books,3.8642499999999997
Anchor Books/Knopf Doubleday Publishing Group,3.43
Anchor Canada,4.21
Andrews McMeel Publishing,4.35
Andrews and McMeel,3.68
Ann Arbor Media,3.69
Annick Press,4.0
Applause Books,4.176666666666667
Applause Theatre & Cinema Book Publishers,3.81
Apple,3.5
Apple Paperbacks (Scholastic),3.72
Applewood Books,3.921666666666667
Apress,3.8025
Arbordale Publishing,3.87
Arcade Publishing,4.25
Arcadia Publishing,4.056666666666667
Arcadia Publishing (SC),3.71
Archaia,4.055
Archie Comics,3.91
Archipelago Books,3.94
Arden Shakespeare,4.22
Aris & Phillips,4.2
Aris and Phillips,4.5
Arkana,4.0
Arkana/Penguin,4.255
Arkham House Publishers,3.875
Arlington House,3.88
Arléa,4.24
Arrow,3.8346428571428572
Arrow (A Division of Random House Group),3.5
Arrow Books,3.8940000000000006
Arrow Books Ltd,4.15
Arsenal Pulp Press,3.9
Arthur A. Levine,4.4
Arthur A. Levine Books,4.0649999999999995
Arthur A. Levine Books / Scholastic Inc.,4.42
Artisan,4.23
Arts Publications,0.0
Ash Tree Publishing,4.45
Ash-Tree Press,4.0
Aspect,3.7640000000000002
Association for Scottish Literary Studies,3.92
Association for Supervision & Curriculum Development,3.8950000000000005
Atelos Press,4.13
Atheneum,4.245
Atheneum Books,4.023333333333333
Atheneum Books for Young Readers,4.081428571428572
Atheneum Books for Young Readers: Richard Jackson Books,3.72
Atheneum/Richard Jackson Books,3.845
Atlantic,3.795
Atlantic Books,3.6999999999999997
Atlantic Books (UK),3.9299999999999997
Atlantic Monthly Press,4.025
Atlantic Monthly Press (NYC),3.86
Atlas Books/HarperCollins Publishers,3.91
Atria Books,3.8575
Audio Literature,4.1
Audio Partners,3.87
Audio Renaissance,3.95
AudioGO,3.9922222222222223
AudioText,3.645
Audiogo,4.103333333333333
Augsburg Fortress Publishing,3.8466666666666662
Aurum,4.02
Aurum Press,4.36
Authorhouse,3.025
Avalon Travel,4.24
Ave Maria Press,4.25
Avenel Books,4.324999999999999
Avery,3.81
Avery Publishing Group,3.9699999999999998
Avon,3.898214285714286
Avon Books,3.783
Avon Books (AvoNova),3.69
Avon Books (P),4.07
Avon HarperCollins,3.66
AvonEos,4.02
Award Books,3.66
B Books,3.62
B Fiction,3.44
B&H Publishing Group,4.105
B.E.S. Publishing,3.855
BALLANTINE BOOKS,3.93
BBC Audiobooks,4.085555555555555
BBC Audiobooks America,4.07
BBC Audiobooks Ltd,4.35
BBC Books,4.119999999999999
BBC Physical Audio,4.4159999999999995
BBC Worldwide,4.22
BCP/Duckworth Publishing,4.45
Babel,3.8866666666666667
Back Bay,3.92
Back Bay Books,3.857
Backinprint.com,3.9299999999999997
Backstage Books,4.45
Baen,3.9628571428571426
Baen Books,3.8871428571428575
Baker Books,3.72
Ballantine,4.169999999999999
Ballantine Books,3.875
Ballantine Books (NY),3.92
Banner of Truth,4.390000000000001
Bantam,3.8894545454545453
Bantam (Fanfare Imprint),3.545
Bantam (Fanfare),3.63
Bantam Books,3.8635416666666664
Bantam Books  Inc.,4.34
Bantam Books (NY),3.8666666666666667
Bantam Classic,3.8
Bantam Classics,4.024545454545454
Bantam Doubleday Dell (NYC),3.81
Bantam Doubleday Dell Publishing Company Inc.,3.52
Bantam Doubleday Dell Publishing Group,3.956666666666667
Bantam Press,4.106
Bantam Skylark,4.199999999999999
Bantam Spectra,3.9875
Bantam Spectra (NY),4.21
Bantam Starfire,3.83
BantamSpectra,3.98
Bantem Press,4.13
Barbour Books,4.58
Barefoot Books,4.21
Barn Owl Books,4.33
Barnes  Noble,4.0600000000000005
Barnes  Noble Classics,3.9921875
Barnes & Noble,4.114999999999999
Barnes & Noble Books,4.14
Barnes & Noble Classics,3.9074999999999998
Baronet Books,4.08
Barricade Books,4.11
Barrington Stoke,3.39
Barron's Educational Series,3.8025
Barrons Educational Series,3.8979999999999997
Basic Books,4.077209302325581
Basic Books (AZ),4.32
Basil Blackwell (Cambridge  MA/Oxford),4.11
Bastei Lübbe,4.34
Baton Wicks,3.93
Batsford,4.31
Be Beautiful,4.343333333333334
Beach Lane Books,4.11
Beacon Press,4.133
Beacon Press (Boston),4.36
Bear  Company,3.71
Beckett Media,0.0
Bedford Books,3.6275
Bedford/St. Martin's,3.55
Belknap Press,4.014285714285714
Belknap Press of Harvard University Press,4.22
Beltz und Gelberg,3.76
BenBella Books,3.95
Benjamin Cummings,3.88
Benjamin-Cummings Publishing Company,3.6799999999999997
Benziger,4.23
Berkley,3.8869767441860463
Berkley Books,3.936511627906977
Berkley Books (NY),3.56
Berkley Hardcover,4.12
Berkley Heat,3.96
Berkley Prime Crime,3.79
Berkley Prime Crime Books,3.81
Berkley Publishing,4.09
Berkley Publishing Group,3.78
Berkley Sensation,3.959285714285714
Berkley Trade,3.867272727272727
Berlitz Kids,4.14
Berrett-Koehler Publishers,3.775
Bertrand,3.81
Bethany House Publishers,3.968
Better Homes and Gardens Books,3.83
Between the Lines Productions,0.0
BiblioLife,3.78
Big Finish,3.38
Billboard Books,3.67
Birlinn,4.24
Birlinn Ltd,4.32
Bison Books,3.73
Black Classic Press,4.56
Black Dog & Leventhal,4.085
Black Dog & Leventhal Publishers,4.043
Black Lizard Books,4.22
Black Sparrow Press,4.035
Black Swan,3.8358333333333334
Blackstone Audiobooks,4.11090909090909
Blackstone Publishing,4.19
Blackwell Publishers,3.8800000000000003
Blackwell Publishing  Inc.,4.23
Blanvalet Taschenbuch,4.17
Blanvalet Taschenbuch Verlag,3.8799999999999994
Blanvalet Verlag GmbH,3.92
Blood Moon Productions,3.51
Bloomsbury,3.877272727272727
Bloomsbury (NYC),3.88
Bloomsbury / Continuum,4.07
Bloomsbury Academic,3.9226315789473687
Bloomsbury Arden Shakespeare,3.867777777777778
Bloomsbury Children's Books,3.46
Bloomsbury Childrens Books,4.15
Bloomsbury Methuen Drama,3.7066666666666666
Bloomsbury Paperbacks,3.67
Bloomsbury Publishing,4.34
Bloomsbury Publishing PLC,3.814285714285714
Bloomsbury U.S.A. Children's Books,3.9966666666666666
Bloomsbury UK,4.56
Bloomsbury USA,3.7566666666666664
Bloomsbury USA Children's Books,4.42
Bloomsbury USA Childrens,4.47
Blu,4.105714285714286
Blue Sky Press,3.74
Bolchazy-Carducci Publishers,4.113333333333333
Bold Strokes Books,4.21
Bollingen/Princeton University Press (NJ),4.43
Book Publishing Company,3.89
Book Publishing Company (TN),4.38
Book of the Month Club,3.92
Bookclub-In-A-Box,4.0
Booket,3.8
Booklocker.com  Inc.,4.5
Books on Tape,3.8966666666666665
Booksales,3.75
Bookspan,3.94
Boosey & Hawkes Inc,5.0
Borgo Press,3.775
Boston Common Press,4.69
Bradford Book,4.0775
BradyGames,3.6574999999999998
Bradygames,3.98
Bragelonne,3.45
Brava,3.725
Bright Sky Press,4.41
Brill/Rodopi,3.7
Brilliance Audio,4.11
Bristol Classical Press,3.72
British Academy,3.11
British Film Institute,4.091666666666667
British Library,4.15
Broadview Press Inc,3.6759999999999997
Broadway,4.36
Broadway Books,3.869183673469388
Broadway Business,3.97
Broadway/Crown Publishing Group,3.91
Brookline Books,3.75
Bruno Gmünder,3.67
Bryn Mawr Commentaries,4.5
Buccaneer Books,4.0200000000000005
Bulfinch,4.39
Bureau of Public Secrets,4.26
Burford Books,3.77
Business Plus,3.6466666666666665
Byblos,3.89
C. Bange,3.6
CDS Books,3.66
CMX,3.83
CQ Press,4.0
CRC Press,4.53
Caedmon,4.047142857142857
Cambridge University Press,3.9316666666666666
Cambridge University Press/The New Cambridge Shakespeare,4.02
Canadian Broadcasting Corporation (CBC Audio),4.505
Candlewick,3.9966666666666666
Candlewick Press,3.9927272727272727
Candlewick Press (MA),4.086666666666667
Canongate Books,3.69
Canongate U.S.,3.7300000000000004
Capstone Press,4.12
Cardoza,3.94
Carl Hanser,3.9299999999999997
Carlsen,4.2775
Carlton Publishing Group,3.66
Carole Marsh Mysteries,3.615
Carroll & Graf,3.9
Carroll & Graf Publishers,3.8
Cartago,4.36
Cartwheel,3.515
Casa Creacion,4.18
Castle Books,4.26
Catholic Book Publishing,3.92
Cavendish Square Publishing,3.9659999999999997
Cedar Books,4.19
Celestial Arts,4.295
Cemetery Dance Publications,4.064
Cengage Learning,3.61
Center Point,4.29
Century,3.57
Chalice Press,3.865
Challenge Press  Inc./Challcrest Press,4.06
Changeling Press,3.76
Chaosium,3.935
Charles Scribner's Sons,3.8149999999999995
Charlesbridge,3.6449999999999996
Charnwood,4.26
Chartwell Books,5.0
Chatto  Windus,3.96
Chatto & Windus,4.0625
Chatto and Windus,3.995
Checkmark Books,4.33
Chelsea House Publications,4.16
Chelsea House Publishers,4.25
Cherry Lane Music Company,4.33
Cherry Red Books,3.99
Chicago Review Press,4.102857142857143
Chicken House,3.83
Chicken House / Scholastic,3.76
Child's Play International,4.32
Children's Classics,4.13
Children's Press(CT),3.53
Chosen Books,4.41
Christian Classics,4.3100000000000005
Chronicle Books,3.917857142857143
Chu Hartley Publishers LLC,3.76
Churchill Livingstone,3.67
Circlet Press,3.37
Cisne,3.94
Cistercian Publications,3.43
Citadel,4.0053846153846155
Citadel Press,3.66
City Lights,4.13
City Lights Publishers,4.03
Civitas Books,4.19
Claassen Verlag,3.76
Clarendon Press,4.08
Clarion Books,3.81
Clarity Press,4.2
Clarkson Potter,3.9971428571428573
Clarkson Potter Publishers,3.9899999999999998
Clarkson Potter/Publishers,3.71
Classic Books,3.87
Cleis Press,4.17
Cliffs Notes,3.6823076923076927
Coffee House Press,3.7249999999999996
Cold Spring Harbor Laboratory Press,3.86
Cold Spring Press,3.54
Collection of Historical Scientific Instruments,4.5
Collector's Library,3.965
Collectors Library,3.89
Collier Books,4.02
Collins,4.17
Collins Design,4.08
Collins Modern Classics,4.59
Collins Publishers,3.82
Collins Reference,4.0225
Columbia Pictures Pubns,4.32
Columbia University Press,3.9278571428571425
ComicsLit,4.04
ComicsOne Corporation,3.9
Companhia das Letras,3.99
Conari Press,4.31
Condor Books,3.96
Contemporary Books,3.78
Contemporary French Fiction,3.96
Continuum,3.78
Cook's Illustrated,4.335
Cooper Square Press,4.12
Cooper Square Publishers,4.03
Copernicus Books,3.61
Copper Canyon Press,4.225
Corgi,4.062222222222222
Corgi Books,3.8049999999999997
Corgi Books (Adult),4.14
Corgi Childrens,4.055
Cornell University Press,4.074999999999999
Cornerstone Press Chicago,3.93
Coronet,3.5949999999999998
Coronet Books (GB),4.08
Cosimo Classics,4.0
Cosmos Books (OH),3.8
Council Oak Books,3.85
Council Press,3.57
Counterpoint,3.62
Counterpoint LLC,3.655
Countryman Press,4.13
Courage Books,5.0
Course Technology,3.8666666666666667
Creation Books,3.92
Crescent,3.52
Critica (Grijalbo Mondadori),4.22
Crossing Press,4.49
Crossroad,4.3100000000000005
Crossroad Publishing Company,3.6
Crossway Books,4.24
Crown,3.8542857142857145
Crown Business,4.02
Crown Forum,4.0
Crown Journeys/Crown Publishers/Crown Publishing Group/Random House,3.51
Crown Publishers,3.77
Crown Publishing Group,4.05
Crown Publishing Group (NY),3.91
Cruithne Press,3.0
Crystal Clarity Publishers,3.9800000000000004
Cumberland House Publishing,3.8
Cybereditions Corp,4.11
Cátedra,3.06
Círculo de Lectores,3.91
DAW,3.84609756097561
DAW Books,3.685
DAW Books (NY),3.56
DAW Books Inc,4.128
DAW Fantasy,4.2
DAW Hardcover,4.13
DAW SF,3.11
DC Comics,3.799032258064516
DC Comics Vertigo,4.003333333333334
DEBOLS!LLO,3.84
DK,4.4399999999999995
DK Children,4.09
DK Publishing,4.165
DK Publishing (Dorling Kindersley),4.124285714285714
Da Capo Press,3.9742857142857146
Dabel Brothers Productions,4.45
Dabel Brothers Publishing,3.885
Dafina Books,4.38
Daimon Verlag,4.02
Dalkey Archive Press,3.8175
Dante University of America Press,3.81
Dark Horse,3.6439999999999997
Dark Horse Books,3.7988888888888885
Dark Horse Comics,3.89
Dark Horse Manga,3.9829999999999997
Dartmouth College Press,3.46
Darton  Longman & Todd,4.26
David C Cook,3.96
David C. Cook,3.96
David R. Godine,4.234999999999999
David R. Godine Publisher,3.9116666666666666
Daw Books,4.024615384615385
De Boekerij,4.18
DeBolsillo,3.9285714285714284
DeVorss & Company,2.98
Deadite Press (Eraserhead Press),3.69
Debolsillo,3.868333333333333
Dedalus,4.09
Dedalus Limited,3.53
Del Rey,4.041625
Del Rey Ballantine Random House,4.3
Del Rey Books,3.9145454545454546
Del Rey Books (NY),4.22
Del Rey Fantasy,3.62
Del Rey/Ballantine Books,3.83
Delacorte Books,3.81
Delacorte Books for Young Readers,4.093999999999999
Delacorte Press,3.8527777777777774
Delcourt,4.02
Dell,3.83
Dell Laurel-Leaf,4.1
Dell Publishing,3.92
Dell Publishing Company,3.8530769230769235
Dell Yearling,3.69
Delmar Thomson Learning,4.04
Delta,3.981
Delta Publishing,3.88
Denoël,3.8840000000000003
Deodand,3.99
Deodand Publishing,2.86
Dervy,4.23
Deseret Book Company,3.78
Destino Ediciones,3.48
Destiny Books,4.1
Destiny Image Incorporated,4.33
Deutscher Taschenbuch Verlag,3.86
Devil's Due Publishing,4.12
Dey Street Books,3.8925
Dhv der Hörverlag,4.56
Dial,3.89
Dial Books,3.95
Dial Press,3.883846153846154
Dial Press Trade Paperback,4.005833333333333
Diamond/Charter,4.14
Diana TB,3.79
Digireads.com,3.7900000000000005
Digital Manga Publishing,3.934
Digital Manga Publishing / Dark Horse,4.06
Diogenes,4.02
Diogenes Verlag,3.9
Disinformation Books,3.46
Disinformation Company,3.855
Disney Editions,4.44
Disney Enterprises,4.32
Disney Hyperion Books,4.245
Disney Press,4.023571428571429
Disney-Hyperion,3.8322222222222226
Distribooks,3.28
Do-Not Press,4.27
Dodd Mead; 1st edition (September 1976),3.95
Dodo Press,3.956666666666667
Doherty  Tom Associates  LLC,3.89
Dominion Press,4.18
Dorling Kindersley Children,3.85
Doubleday,3.948333333333333
Doubleday & Company  Inc.,4.38
Doubleday Books,3.9658823529411764
Doubleday Books for Young Readers,4.15
Doubleday Canada,3.88
Doubleday Publishing (NY),3.84
Douglas  McIntyre,3.84
Douglas & McIntyre,4.085
Dover Publications,3.9538823529411764
Dover Publications  Inc.,3.9699999999999998
Dover Publications (NY),4.06
Dover Publications (NYC),3.65
Downtown Press,3.82
Dr. Master Productions Inc.,3.55
Dragon Door Publications,4.0
Dragonfly Books,4.13
Dramatists Play Service,3.942857142857143
Dramatists Play Service  Inc.,3.93
Drawn and Quarterly,4.26
Droemer Knaur,4.09
Dtv,3.53
Duke University Press Books,3.9375
Dundurn,3.7
Dutton,3.8183333333333334
Dutton Adult,3.95
Dutton Books,3.836
Dutton Books for Young Readers,3.85
Dutton Children's Books,4.32
Dutton Juvenile,3.945
ECW Press,4.13
EMC/Paradigm Publishing,4.0
EOS,4.0
Earthlight,3.825
East Bay Municipal Utility District,4.3
Ebury Press,3.375
Ecco,3.7689473684210526
Ecco / HarperCollins,3.98
Ecco Press,4.076666666666667
Ecco/Harper Perennial,4.07
Edaf S.A.,4.32
Edebé,3.77
Ediciones B,3.9566666666666666
Ediciones Glénat España,3.99
Ediciones Urano,3.81
Edicións Xerais de Galicia  S.A.,3.36
Edimat Libros,4.0675
Editions 10/18,3.8449999999999998
Editions Gallimard,3.98
Editions de l'Olivier,3.77
Editions du Rocher,3.74
Editorial Diana,3.9
Editorial Juventud,4.13
Editorial Presença,4.001666666666667
Editorial RM,4.05
Edwin Mellen Press,3.94
Eerdmans,4.03
Egmont Books Ltd,4.21
Egmont Children's Books,3.98
El Paso Norte Press,4.16
Element,4.1
Ellora's Cave,3.7066666666666666
Elloras Cave,4.21
Ember,3.85
Emece Editores,4.49
Emecé Editores,4.33
Eminent Lives,3.975
Encounter Books,4.38
Enitharmon Press,3.91
Eos,3.9939999999999998
Eraserhead Press,3.56
Eros Comix,3.56
Europa Editions,3.813333333333333
Evans Brothers,3.76
Everyman,4.095
Everyman Chess,4.25
Everyman Library / Overlook Press,4.01
Everyman Paperback Classics,3.32
Everyman Paperbacks,3.79
Everyman's Library,4.147435897435898
Everyman's Library 234,3.99
Everyman's Library Classics,4.33
Everymans Library,3.76
Exact Change,4.25
Express Publishing,4.08
F & W Publications Inc.,3.9
F. Meiner,4.78
FASA Corp.,3.89
FASA Corporation,3.71
FT Press,3.83
Fab Press,4.45
Faber  Faber,3.9659999999999997
Faber & Faber,3.9493333333333336
Faber & Faber Limited,3.49
Faber & Faber Ltd.,4.25
Faber and Faber,3.873846153846154
Faber and Faber & Penguin India,3.94
FaithWords,4.316666666666666
Fandemonium Books,3.79
Fanfare,3.6366666666666667
Fantagraphics,3.9866666666666664
Fantagraphics Books,4.1
Fantasy Flight Games,4.05
Farrar  Straus & Giroux,3.88
Farrar  Straus and Giroux,4.074146341463415
Farrar  Straus and Giroux (BYR),4.12
Farrar  Straus and Giroux (NY),3.68
Farrar  Strauss & Giroux-3pl,3.58
Farrar Straus Giroux,3.7840000000000003
Farrar Straus and Giroux,3.7800000000000002
Fawcett,3.8880000000000003
Fawcett Books,3.8790909090909094
Fawcett Coventry,3.0
Fawcett Crest,3.97
Fawcett Crest Books,3.735
Fawcett crest,3.83
Feiwel & Friends,4.36
Fellowship for the Performance,4.6
Felony & Mayhem,3.51
Feminist Press,4.07
Feral House,3.6500000000000004
Festival,4.3
Festival Books,4.31
Filiquarian Publishing  LLC.,3.66
Findakly,3.87
Firebird,3.9375
Firebird Books,3.95
Firebrand Books,3.95
Firelight Press,4.0
Fireside,3.7
Fireside Books,4.44
First Avenue Editions (Tm),3.64
Fischer (Tb.),3.97
Fischer TB,3.93
Fischer Taschenbuch Verlag,3.94
Fithian Press,0.0
Five Star (ME),3.6
Five Star Trade,3.61
Flamingo,3.9000000000000004
Fleming H Revell Co,4.22
Fleming H. Revell Company,4.36
Focal Press,3.84
Focus,3.983333333333333
Focus Publishing/R. Pullins Company,3.42
Focus on the Family Publishing,3.36
Fodor's,3.43
Folio,4.175000000000001
Folio histoire,3.96
FonoLibro,3.89
Fontana,4.025
Fontana Books,4.05
Fontana Press,4.1
For Dummies,3.6955555555555555
Forge,3.81
Forge Books,3.618
Fortress Press,3.67
Fount,4.22
Four Ninety-Eight Productions,4.72
Four Walls Eight Windows Press,3.72
Fourth Estate,3.925
Fourth Estate (GB),3.52
Fourth Estate Ltd,3.76
Fourth Estate Paperbacks,3.79
Franklin Watts,3.6
Frederick P. Lenz Foundation for American Buddhism,0.0
Fredonia Books (NL),3.74
Free Press,3.8764285714285713
Free Spirit Publishing,4.04
French & European,4.07
French & European Publications,3.4
French & European Pubns,4.1
Fulcrum Publishing,3.96
Futura,4.35
G. P. Putnam's Sons,3.41
G.P. Putnam's Sons,3.93025
G.P. Putnam's Sons Books for Young Readers,4.046666666666667
Gaia Books,4.38
Galahad Books,4.03
Gale Cengage,0.0
Gallery / Saga Press,4.09
Gallery Books,3.93375
Gallimard,3.875625
Gallimard Education,3.855
Gallimard Jeunesse,4.225
Gallopade International,3.61
Gamble Guides,3.75
Games Workshop,3.77
Games Workshop(uk),3.81
Gardners Books,3.9050000000000002
Gauntlet Press,4.17
Geddes & Grosset,4.36
Gemstone Publishing,4.343333333333334
Geoplaneta,4.03
George Braziller,3.72
George Braziller Inc.,4.41
Gibbs Smith,3.7925
Gibbs Smith Publishers,4.025
Gingko Press,4.03
Globe,3.66
Glénat,4.217777777777778
Godsfield Press Ltd,3.6
Gold Eagle,3.8783333333333334
Golden Books,4.37
Golden Gryphon Press,4.0600000000000005
Golden/Disney,4.1000000000000005
Goldmann,3.7775
Goldmann Verlag,3.94
Gollancz,3.9442857142857144
Gollehon Books,3.75
Gotham,3.54
Grafton,4.12
Gramedia Pustaka Utama,3.44
Gramercy,4.298
Gramercy Books,4.2092307692307696
Grand Central,3.84
Grand Central Life & Style,4.24
Grand Central Publishing,3.9225000000000003
Grand Central Publishing (Formerly Warner Books),3.765
Granta,3.17
Granta Books,3.94
Granta UK,3.8049999999999997
Graphics Press,4.08
Graphics Press LLC,4.15
Grasset,3.76
Graywolf Press,3.98
Green Integer,3.5949999999999998
Green Ronin Publishing,3.81
Greenery Press (CA),3.76
Greenwillow Books,4.051875
Greenwood,4.01
Greenwood Press,0.0
Griffin,4.123333333333333
Grijalbo,4.16
Grijalbo Mondadori Sa,4.04
Grosset & Dunlap,4.086
Grove Press,3.87051282051282
Grove Press  Black Cat,3.98
Grove Press  Granta,3.83
Grove Press  Open City Books,1.88
Grove Press (NYC),4.12
Grove Weidenfeld,4.46
Grove/Atlantic  Inc.,3.91
Grupo Editorial Norma  S.A.,3.74
Grupo Océano,3.76
Gun Digest Books,4.44
Gurze Books,3.57
Gürze Books,3.57
HJ Kramer,4.145
HMH Books for Young Readers,3.940967741935484
HQN,3.88
HQN Books,3.8
Hachette,3.9299999999999997
Hachette Audio,4.066666666666666
Hachette Books,3.9072727272727277
Hachette Children's,3.02
Hachette Jeunesse,4.21
Hachette Littérature,4.11
Hackett Publ. Co Inc,3.95
Hackett Publishing Company,4.08
Hackett Publishing Company  Inc.,3.905806451612903
Hackett Publishing Company  Inc. (USA),3.77
Hackett Publishing Company (Indianapolis  IN),3.69
Hakusen Sha,4.48
Hal Leonard Pub Corp,4.24
Hal Leonard Publishing Corporation,4.475
Hamish Hamilton,4.11
Hamish Hamilton Ltd,3.62
Hamish hamilton,3.81
Hampton Roads Publishing Company,3.9766666666666666
Harbor Press,4.29
Harcourt,4.005454545454546
Harcourt  Brace  Jovanovich,4.26
Harcourt  Brace Jovanovich/Harvest,3.76
Harcourt  Inc.(Harvest Book),4.14
Harcourt Brace,4.07
Harcourt Brace & Company,4.18
Harcourt Brace & company,3.75
Harcourt Brace Jovanovich,3.8449999999999998
Harcourt Brace Jovanovich (NY),3.96
Harcourt Children's Books,3.47
Hard Crime Case,3.6666666666666665
Hard Press,4.0275
Harlequin,3.6999999999999997
Harlequin American Romance,4.0
Harlequin Anthologies,3.57
Harlequin Blaze,3.73
Harlequin Books,3.8200000000000003
Harlequin Historical,3.6833333333333336
Harlequin Presents,3.3175
Harlequin Readers' Choice,3.97
Harlequin Romance,3.04
Harlequin Special Releases,3.8550000000000004
Harlequin Superromance,3.73
Harlequin Temptation,3.74
Harmony,4.081666666666666
Harper,3.914
Harper & Row,3.84
Harper & Row (NYC et al.),4.14
Harper Audio,4.39
Harper Business,3.7944444444444443
Harper Collins,3.846666666666667
Harper Design,4.24
Harper Element,3.83
Harper Paperbacks,3.965
Harper Perennial,3.8980357142857143
Harper Perennial (HarperCollins),4.04
Harper Perennial (NYC),3.6
Harper Perennial Classics,3.83
Harper Perennial Modern Classics,4.056923076923077
Harper Teen,3.89
Harper Trophy,4.17
Harper Voyager,3.9995
HarperAudio,3.8725
HarperCollins,4.036875
HarperCollins (SanFrancisco),4.29
HarperCollins Espanol,4.054
HarperCollins Leadership,4.165
HarperCollins Perennial,3.93
HarperCollins Publishers,3.8685416666666668
HarperCollins Publishers  Inc.,3.74
HarperCollins Publishers Ltd,4.093333333333333
HarperCollins UK,3.57
HarperCollinsChildren’sBooks,4.2075
HarperCollinsPublishers,4.003333333333333
HarperEntertainment,3.836
HarperFestival,4.1450000000000005
HarperLargePrint,3.76
HarperOne,4.035142857142857
HarperPaperbacks,4.05
HarperPerennial,3.9825
HarperPerennial / Perennial Classics,3.99
HarperPrism,4.27
HarperResource,4.18
HarperSanFrancisco,3.82
HarperTeen,3.9509999999999996
HarperTempest,3.986666666666667
HarperTorch,3.9460416666666664
HarperTorch (an imprint of HarperCollins Publishers),3.31
HarperTrophy,4.023684210526316
HarperVoyager,4.11
Harpercollins,3.81
Harpercollins Children's Books,4.16
Harpercollins Childrens Books,4.34
Harpperen,4.055
Harrison House,4.67
Harry N. Abrams,3.970666666666667
Hartley & Marks Publishers,4.24
Hartorch,4.13
Harvard Business Review Press,3.84
Harvard Common Press,3.8766666666666665
Harvard University Press,4.093684210526316
Harvard University Press (Cambridge  MA)/Wm Heinemann Ltd. (London),3.93
Harvard University Press (Cambridge),4.295
Harvest / Harcourt,4.22
Harvest Books,4.12
Harvest Books/Harcourt,3.92
Harvest House Publishers,4.215454545454546
Harvill Press,4.096666666666667
Haus Publishing,3.76
Hawthorne Books,3.39
Hay House,4.042857142857143
Haymarket Books,3.815
Haynes Manuals N. America  Inc.,3.89
Hazelden Publishing,4.44
Hci,3.7
Headline,3.9200000000000004
Headline Book Pub Ltd,4.2
Headline Book Publishing,3.9924999999999997
Headline Feature,3.83
Headline Review,3.7572727272727273
Healing Arts Press,4.0649999999999995
Health Communications,3.99
Health Communications Inc,4.095
Hearst Communications,4.37
Heinemann,4.12
Heinemann Drama,3.67
Heinemann Educational Books,3.66
Heinemann Library,4.1
Heinemann-Octopus,3.98
Heinle,3.39
Helen Marx Books,4.0
Henry Holt,3.78
Henry Holt & Company,3.5549999999999997
Henry Holt and Co.,4.08
Henry Holt and Co. (BYR),4.08
Henry Holt and Company,4.23
Here's Life Publishers,3.97
Hesperus Press,3.91
Heyne,3.98625
High Point Media,3.95
High Roads Media,4.18
HighBridge Company,3.6799999999999997
Highbridge Audio,3.58
Hill & Wang,3.87
Hill & Wang Publ. (NY),4.02
Hill and Wang,3.9133333333333336
Hiperión,4.09
Hippo/Scholastic,4.26
History Press Ltd,4.07
Hodder,3.96
Hodder & Stoughton,3.991428571428571
Hodder & Stoughton Educational Division,0.0
Hodder & Stoughton Ltd,3.88
Hodder Audio,3.57
Hodder Children's Books,3.8366666666666664
Hodder Mobius,3.95
Hodder Wayland,4.06
Hodder and Stoughton,3.91
Holiday House,4.003333333333333
Holloway House,4.26
Holt  Rinehart and Winston  Inc.,4.02
Holt McDougal,4.21
Holt Paperbacks,4.085
Honor Books,3.4450000000000003
Houghton Mifflin,4.0268421052631584
Houghton Mifflin Co. (Boston/NY),3.9
Houghton Mifflin Company,4.07125
Houghton Mifflin Harcourt,4.078205128205129
Houghton Mifflin Harcourt P,3.9749999999999996
Houghton Mifflin/Seymour Lawrence,4.15
House of Anansi Press,3.48
House of Stratus,3.94
Hovel Audio,4.32
Howard Books,4.199999999999999
Howard Publishing Co,3.98
Howard University Press,4.27
Hqn,4.08
Hub City Press,4.2
Hungry Minds,3.7800000000000002
Hyperio,3.43
Hyperion,3.814
Hyperion Books,4.0575
Hyperion Books for Children,3.735
Hyperion Paperbacks,3.64
IDW Publishing,4.2700000000000005
IVP Academic,3.8366666666666664
IVP Books,3.705
Icon Books,3.486666666666667
Ig Publishing,3.6
Ignatius Press,4.233333333333333
Image,4.14
Image Comics,4.275
Impact,3.8899999999999997
Imprint Academic,4.14
Indiana University Press,4.0285714285714285
Indigo,3.89
IndyPublish.com,4.14
Inkling Books,4.09
Inner City Books,3.93
Inner Light - Global Communications,2.83
Inner Traditions,4.1
Inner Traditions International,4.28
Insel,3.74
Insel  Frankfurt,3.88
Insight International,4.06
Inter Varsity Press,3.93
Inter-Varsity Press,4.14
InterVarsity Press,4.16
Intercultural Publishing,1.67
Interlink Publishing Group,4.21
International Code Council,3.4450000000000003
International Polygonics,3.63
International Publishers,3.89
International Publishers (NYC),3.55
Island,3.86
Island Books,4.14
Island Press,4.59
It Books,3.8499999999999996
Ivan R. Dee,4.29
Ivan R. Dee  Publisher,4.33
Ivan R. Dee Publisher,3.6999999999999997
Ivy Books,3.725
"Izdavačka agencija ""Draganić""",0.0
J'AI LU,4.17
J'ai Lu,4.093999999999999
J'ai lu,4.16625
Jane Nissen Books,3.67
Jessica Kingsley Publishers,4.0
Jimmy Patterson,3.88
Joanna Cotler Books,3.84
Joanna Cotler Books/HarperCollinsPublishers,3.77
John F. Blair  Publisher,3.825
John Wiley,4.03
John Wiley & Sons,3.8525
Johns Hopkins University Press,3.9124999999999996
Johnson Publishing Company (IL),4.44
Jonathan Cape,3.835714285714286
Jones & Bartlett Publishers,4.06
Jones Books,3.79
Joshua Odell Editions,4.1
Jossey-Bass,3.98125
Jove,3.8973684210526316
Jove Books,3.902857142857143
Julia MacRae,3.82
Julie Andrews Collection,3.31
Jump At The Sun,4.18
Jump at the Sun,3.64
K.G. Saur Verlag,0.0
Kabel  Verlag GmbH Ernst,3.82
Kaplan,3.59
Kaplan Publishing,3.79
Keep It Simple Books,4.215
Kensington,3.7606666666666664
Kensington Publishing Corporation,3.8366666666666664
Kent State University Press,4.21
Kent State University Press (OH),4.04
Kessinger Publishing,3.8227272727272723
KiWi,3.46
Kids Can Press,4.19
Kiepenheuer & Witsch,3.89
Kindle,4.18
Kingfisher,3.9433333333333334
Klett,3.8
Klincksieck,4.27
Knopf,3.9476923076923076
Knopf Books for Young Readers,4.1000000000000005
Knopf Doubleday Publishing Group,0.0
Knopf Publishing Group,3.9133333333333336
Knowledge Products,3.86
Kodansha,3.7925
Kodansha America,3.75
Kodansha International,3.87
Konemann,4.11
Krause Publications,4.09
Kregel Academic & Professional,3.86
Kregel Publications,4.2
Kuperard,3.29
Kyle Books,4.17
L.A. Weekly Books,4.0
LGF,3.77
LSU Press,4.37
LWW,4.109999999999999
La factoría de ideas,4.09
Laffont,4.01
Lama Foundation (San Cristobal  NM),4.29
Lantern Books,4.0
Large Print Press,4.04
Lark Books,4.15
Larousse,3.92
Larousse Kingfisher Chambers,3.77
Lasser Press,4.05
Laurel,3.715
Laurel Leaf,3.94625
Laurel Leaf Books,3.82
Laurel Leaf Library,3.9355555555555557
Laurel Press,4.15
Laurel-Leaf Books,3.51
Lawbook Exchange  Ltd.,4.0
Lawrence Hill Books,4.07
Le Livre de Poche,4.02375
Learning Matters,3.87
Lectorum,4.18
Lectorum Publications,4.18
Leete's Island Books,4.09
Legend,4.07
Leisure,3.91
Leisure Books,3.8121739130434786
Lerner Publications,3.88
Let's Go Publications,3.93
Libraries Unlimited,2.67
Library of America,4.263461538461538
Library of America (NY),4.61
Library of American Comics,4.02
Library of Liberal Arts/Bobb-Merrill (Indianapolis  IN),4.03
Libros para ninos,3.47
Liguori Publications,4.49
Limelight,4.1
Limelight Editions,4.41
Limitless Corporation,3.86
Lions,3.72
Lippincott Williams & Wilkins,4.29
List,3.78
List Taschenbuch,3.4
Listening Library,4.079999999999999
Listening Library (Audio),3.9659999999999997
Literatura Random House,3.81
Little  Brown,3.9850000000000003
Little  Brown & Company,4.204444444444444
Little  Brown & Company (Boston/Toronto),4.29
Little  Brown Book Group,4.077692307692308
Little  Brown Books for Young Readers,3.96
Little  Brown Young Readers,3.825
Little  Brown and Company,3.9752173913043483
Little Apple,3.82
Little Bookroom,4.3
Little Brown,3.66
Little Brown and Company,3.576923076923077
Little Simon,4.24
Live Oak Media,4.11
Liveright,4.22
Liveright Publishing Corp.,4.38
Liveright/W.W. Norton & Company  Inc.,4.35
Living Books,4.04
Livre de Poche,3.8866666666666667
Llewellyn Publications,4.046666666666667
Lodestar Books,4.37
Loeb Classical Library,4.212000000000001
Loeb Classical Library 307,4.57
Loeb Classical Library 443,4.52
Loeb Classical Library/Harvard University Press,4.07
London : Collins  2004.,4.01
London : Faber  2002,3.07
Lone Oak Press,4.5
Lonely Planet,3.357142857142857
Longman,3.84
Longman Publishing Group,3.3228571428571425
Longman Schools Division (a Pearson Education Company),3.96
Longmeadow Press,4.58
Loose Id  LLC,3.99
Love Inspired,3.78
Love Spell,3.756666666666667
Loveswept,3.62
Loyola Classics,3.6
Loyola Press (Chicago),4.0
Luath Press Ltd,3.25
Lucas Books,4.14
Lucent Books,3.8
Lulu Press,4.3
Lulu.com,4.235
Lumen,3.98
Luna,3.95
Luna Books,3.97
Lyons Press,3.915
Lübbe,3.9859999999999998
MIRA,3.692222222222222
MIT Press,3.98
MIT Press (Cambridge  MA),3.96
MIT Press (MA),4.0
MJF Books,4.11
MONDIAL,3.735
MTV Books,4.053333333333334
MacAdam/Cage,3.97
MacMillan,4.125
MacMillan Audio,3.7133333333333334
MacMillan Children's Books,3.92
MacMillan General Books,3.8499999999999996
MacMillan Publishing Company,3.995
MacMillan UK,4.27
Macmillan,2.005
Macmillan Audio,3.982857142857143
Macmillan Children's Books,4.07
Macmillan Publ. Co.,4.13
Macmillan Publishing Company/Collier Books,4.09
Main Street Books,4.095
Malhavoc Press,4.2
Management Books 2000,3.95
Manchester University Press,4.33
Manesse Verlag,4.12
Manning Publications,3.665
Margaret K. McElderry Books,3.7525
Mariner Books,3.933533333333333
Mariner Books / Harvest Books,3.91
Marion Boyars Publishers,3.955
Marion Boyars Publishers Ltd,3.575
Mark Cahill Ministries,4.13
Marlowe & Company,4.28
Marshall Cavendish Editions,4.11
Marsilio Publishers,4.1
Martínez Roca,3.78
Marvel,3.878095238095238
Marvel Comics,4.076666666666667
Marvel Comics Group,3.9971428571428573
Material World,4.44
Maxima New Media,3.65
Mayfield Publishing Company (NY),4.33
McClelland & Stewart,4.0200000000000005
McClelland and Stewart,3.68
McDougal Littel,2.0
McFarland & Company,3.82
McGraw-Hill,3.813333333333334
McGraw-Hill Companies,3.6366666666666667
McGraw-Hill Education,3.915
McGraw-Hill Humanities/Social Sciences/Languages,4.010000000000001
McGraw-Hill Medical Publishing,4.35
McGraw-Hill Professional Publishing,2.145
McGraw-Hill Science/Engineering/Math,4.15
McGraw-Hill/Glencoe,4.0
McSweeney's,3.8983333333333334
Meisha Merlin Publishing,4.09
Mel Bay Publications  Inc.,3.83
Melodrama Publishing,4.2
Melville House Publishing,3.6849999999999996
Meredith Corporation,0.0
Merlin Publishing,3.5
Mestas Ediciones,4.08
Methuen Drama,3.84
Methuen Publishing,3.8633333333333333
MetroBooks (NY),4.055
Metropolitan Books,3.54
Metropolitan Books/Henry Holt & Co. (NY),3.97
Michael Joseph,4.06
Michael Joseph Ltd./Penguin Books Ltd.,4.5
Michael O'Mara,3.55
Michael O'Mara Books,3.73
Microsoft Press,4.17
Middlesex University Press,3.71
Middleway Press,4.28
Midnight Ink,3.56
Mikaya Press,4.44
Millenium,4.08
Millipede Press,3.92
Mills & Boon,3.6
Minnesota Heritage Publishing,4.29
Minnesota Historical Society Press,3.8449999999999998
Minotaur Books,3.9189999999999996
Mira,3.9800000000000004
Mira (Mills and Boon),3.66
Mira Books,3.725454545454546
Mira books,3.67
Miramax,3.983333333333333
Miramax Books,4.1175
Mirrorstone,4.33
Modern Language Association of America,3.75
Modern Library,3.971829268292683
Modern Library (NY),4.44
Modern Library Classics,3.9899999999999998
Modern Library/Random House (NY),3.955
Modern Publishing,3.79
Mondadori,3.5966666666666662
Mongoose Publishing,4.0
Monkfish Book Publishing,3.77
Monolith Graphics,4.23
Montena,4.013333333333333
Montlake Romance,4.24
Moody Publishers,3.5483333333333333
Moody Publishers (Chicago),3.68
Morgan Road Books,3.83
Morpheus International,4.35
Morrow,3.82
Motilal Banarsidass,4.23
Motorbooks,4.06
Motorbooks International,4.22
Mountaineers Books,4.07
Moyer Bell and its subsidiaries,3.992
Multnomah,4.285
Multnomah Books,4.025
Museum of Modern Art,4.22
Mysterious Press,3.745
Mythopoeic Press,3.79
Métailié,4.33
NAL,3.918571428571429
NAL Books,4.11
NAL Jam,3.92
NAL Trade,3.9933333333333336
NYRB Classics,3.94
Naiad Press,3.6900000000000004
Nan A. Talese,3.7433333333333336
Nantier Beall Minoustchine Publishing,3.79
Napoleon and Co,4.0
Nation Books,3.3
National Gallery London,3.64
National Geographic,3.9766666666666666
National Geographic Children's Books,3.98
National Geographic Society,3.9539999999999997
National Park Service,4.42
Naxos Audiobooks,3.74
Neil Wilson Publishing,3.93
Nelson Books,3.765
Nelson Current,4.24
Nelson Reference & Electronic Publishing,4.2
Nelson Thornes Ltd,3.74
New American Library,4.17
New City Press,3.995
New Directions,4.035714285714286
New Directions Publishing,4.22
New Directions Publishing Corporation,4.173333333333333
New English Library,4.086666666666667
New English Library (Hodder & Stoughton),4.22
New Falcon Publications,4.26
New Harbinger Publications,4.05
New Island Books,3.63
New Millennium Library,3.79
New Page Books,3.83
New Press,3.9233333333333333
New Press  The,3.98
New Press (NY),4.34
New Riders Publishing,3.9766666666666666
New Tradition Books,3.0
New World Library,4.26
New World Publishing,3.76
New York : Penguin Books,3.88
New York Review Children's Collection,3.93
New York Review of Books,4.1433333333333335
New York University Press,3.9000000000000004
New York: Random House,4.17
Newmarket,4.05
Newmarket Press,4.242
Nicholas Brealey,3.7
Nick Hern Books,3.9274999999999998
Night Shade,3.84
Night Shade Books,4.02
Nimble Books,3.74
No Exit Press,3.968
No Starch Press,3.92
Nonpareil Books,4.29
Nonsuch Publishing,4.06
Noonday Press,4.17
Norma,3.95
Norma Editorial,4.25
North Atlantic Books,4.4025
North Light Books,3.775
North Point Press,4.0633333333333335
North Star Publications (MA),3.2
Northeastern University Press,3.94
Northwestern Univ Press,3.11
Northwestern University Press,3.858571428571429
Norton,3.955
Norton and Co.,4.21
Nostalgia Ventures,3.99
Not Avail,3.982
Nova Audio Books,4.09
Nova Fronteira,3.89
Nymphenburger,3.9699999999999998
O'Brien Press,3.14
O'Reilly Media,3.925
OUP Oxford,3.995
Oberlin College Press,4.3
Oberon Books,4.0
Octopus Books,4.05
Octopus Books (London),4.14
Oddysey/Harcourt Young Classics,4.0
Odonian Press,3.9933333333333336
Ohio State University Press,3.92
Omnibus Hc Bei Bertelsmann,4.12
Omnibus Press,4.279999999999999
Omohundro Institute and University of North Carolina Press,4.12
One Hour Entertainment,3.82
One World (UK),3.88
One World/Ballantine,4.39
Oni Press,3.72
Onyx,3.91
Onyx Books,4.19
Open Court,3.865
Open Court Publishing Company,3.79
Open Heaven Publications,4.31
Orb Books,3.8688235294117646
Orbis Books,4.34
Orbit,4.042222222222223
Orbit Books,3.97
Orchard,4.03
Orchard Books,4.091428571428572
Orchard Books (NY),3.7
Oregon State University Press,4.01
Orion,3.9326666666666665
Orion (an Imprint of The Orion Publishing Group Ltd ),3.9
Orion Books,3.9133333333333336
Orion Children's Books,4.07
Orion Paperbacks,4.08
Orion Publishing,3.9333333333333336
Orion Publishing Co,4.13
Orion Publishing Co.,3.8
Orion Publishing Group,3.8833333333333333
Orion Publishing Group  Ltd.,3.94
Osprey Publishing,3.56
Other Press (NY),3.34
Our Daily Bread Publishing,4.45
Overeaters Anonymous  Incorporated,4.36
Overlook Press,3.63
Overlook TP,4.095000000000001
Owl Books,4.27
Owl Books (Henry Holt),3.63
Owl Books (NY),4.11
Owl Publishing Company,3.83
Owlet Paperbacks,4.15
Oxford University Press,3.897534246575342
Oxford University Press  USA,3.9506666666666668
P & R Publishing,4.05
P. F. Collier and Sons,3.97
Palgrave Macmillan,3.5471428571428567
Pan,3.8899999999999997
Pan Australia,3.83
Pan Books,3.96
Pan Childrens,3.62
Pan MacMillan,3.9625000000000004
Pan Macmillan Ltd. (London),3.95
Pan Publishing,3.9433333333333334
Panamericana Editorial,4.13
Pantheon,4.114285714285715
Pantheon Books,3.9375
Pantheon Books (NY),4.04
Panther,3.8
Paperback Library,3.94
Paraglyph Press,3.94
Paris Press,4.02
Park Street Press,4.19
Parker Publishing Llc,4.12
Patmos,3.75
Paul Dry Books,4.318
Paul Mellon Centre BA,4.06
Paul S. Eriksson,3.99
Paulist Press,4.255
Pavement Saw Press,4.25
Pavilion Press (Wi),4.16
Payot,3.965
Peachpit Press,3.81
Pearson,3.665
Pearson Education,4.62
Pearson Longman,3.52
Peerage Books,4.48
Pegasus Books,3.77
Pelican Publishing,3.885
Pelican Publishing Company,3.7
Pen & Sword Military,4.1
Penguin,3.9567241379310345
Penguin (Business),4.18
Penguin (Non-Classics),4.01
Penguin Audio,3.6399999999999997
Penguin Audio UK,3.96
Penguin Book Limited,3.87
Penguin Books,3.920383141762452
Penguin Books  Limited (UK),3.908
Penguin Books (London),3.92
Penguin Books (NY),4.29
Penguin Books (NYC),3.76
Penguin Books (Penguin Classics),3.62
Penguin Books /Penguin Classics,3.75
Penguin Books Australia Ltd.,4.029999999999999
Penguin Books Canada,4.19
Penguin Books Limited,3.58
Penguin Books Ltd,3.8473333333333333
Penguin Books Ltd.,3.8
Penguin Books Ltd. (London),3.93
Penguin Books USA Inc.,3.8
Penguin Books in association with Faber & Faber,3.94
Penguin Books/Penguin Popular Classics,3.5
Penguin Classic,4.11
Penguin Classics,3.944565217391304
Penguin Classics Deluxe Edition,4.58
Penguin Classics Deluxe Editions,3.97
Penguin Essential Editions,3.87
Penguin Global,4.109999999999999
Penguin Group,3.9033333333333338
Penguin Group (USA),4.083333333333333
Penguin Group(CA),3.9450000000000003
Penguin Press,3.915
Penguin Press HC  The,3.9075
Penguin Putnam,3.67
Penguin Signet,4.44
Penguin UK,3.945
Penguin Workshop,4.165
Penguin Young Readers,3.54
Penguin-HighBridge,3.86
Penguin/Viking Compass (Non-Classics),4.03
Perennial,3.82
Perennial / William Morrow / HarperCollins,3.83
PerfectBound,3.8
PerfectBound (HarperCollins),4.11
Perfection Learning,3.825
Perigee Trade,4.005
Peripatetic Press,3.94
Peter Owen Ltd,4.2
Peter Owen Publishers,3.92
Peter Smith Publisher,4.11
Peter Smith Publisher  Inc.,3.86
Pfeiffer & Company,4.05
Phaidon Press,4.24
Pharos Books,3.72
Philomel Books,4.1899999999999995
Phoenix,3.8716666666666666
Phoenix Audio,3.9850000000000003
Phoenix Books/University of Chicago Press (IL),3.95
Phoenix Press,4.26
Phoenix Press (UK),4.33
Phébus,3.99
Pi Press,4.18
Piatkus,3.42
Piatkus Books,4.154999999999999
Picador,3.7994999999999997
Picador  Macmillan Publishers Ltd,3.57
Picador USA,3.919285714285714
Picture Book Studio Ltd,3.73
Piemme,3.98
Pimlico,3.9966666666666666
Pimsleur,4.23
Pineapple Press,3.82
Pinnacle,3.9699999999999998
Pinter & Martin Ltd,4.07
Piper,3.77
Piper Taschenbuch,3.64
Piper Verlag,3.95
Pippin Publishing,3.4
Planeta,4.305
Planeta Publishing,3.8815384615384616
Plaza & Janes Editores  S.A.,4.02
Plaza & Janes Editores Sa,4.34
Plaza & Janés,3.75
Plaza & Janés Editores  S.A.,3.6
Plaza & Janés Mexico,3.7
Plaza y Janes,3.9285714285714284
Plaza y Janés,3.946
Plexus Publishing,3.33
Plexus Publishing Ltd,4.42
Plume,3.879722222222222
Plume (Penguin Books Ltd),3.8
Plume Books,3.8846153846153846
Pluto Press,4.12
Pocket,3.9805882352941175
Pocket Books,3.9031531531531534
Pocket Books / Simon & Schuster  Inc.,3.95
Pocket Books/Simon & Schuster (NY),4.2
Pocket Books/Star Trek,3.93
Pocket Books: Gallery Books,3.99
Pocket Star,3.861666666666667
Pocket Star Books,3.9259999999999997
Pogue Press,3.25
Points,3.55
Poisoned Pen Press,3.865
Polity Press,3.8
Polychrome Publishing Corporation,3.89
Polyface,4.01
Polygon,3.88
Pomegranate Communications,4.23
Poorhouse Press,4.08
Poppy,3.535
Porrua,3.9
Portable Press,3.57
Portfolio,3.87
Poseidon Press,3.86
Possibilities,4.285
Potomac Books,4.165
Power Press,4.05
Praeger,4.43
Praeger Publishers,4.2
Pragmatic Bookshelf,3.8525
Prentice Hall,3.8766666666666665
Prentice Hall PTR,3.0
Prentice Hall Press,3.76
Prentice Hall/Library of Liberal Arts,4.04
Prentice Hall/Scribner/Macmillan,3.84
Prentice Hall/Simon & Schuster Company (Englewood Cliffs  NJ),3.94
Presidio Press,4.31
Presses de La Cite,3.55
Prestel Publishing,4.03
Prestwick House,3.74
Prestwick House - (Literary Touchstone Classic),3.7
Price Stern Sloan,3.755714285714286
Prima Games,4.146
Prima Lifestyles,4.02
Princeton Architectural Press,4.109999999999999
Princeton University Press,4.073636363636364
Princeton University Press (NJ),4.195
Profile Books,3.465
Project Management Institute,3.77
Prometheus Books,4.038333333333333
Providence Forum Press,4.18
Psychology Press,3.995
Public Square Books,3.9133333333333336
PublicAffairs,3.565
Puffin,3.937142857142857
Puffin Audiobooks,4.31
Puffin Books,4.0192000000000005
Puffin Books (Penguin Books),4.28
Puffin Group,4.09
Punto de Lectura,3.8777777777777778
Purple House Press,4.36
Push,3.776
Putnam,3.9233333333333333
Putnam Adult,3.9899999999999998
Putnam Publishing Group,4.0424999999999995
Puzzle-Roca,3.57
Puzzle-Via Magna,3.66
Pygmalion Editions,4.12
Pyramid Books,3.92
Quality Paperback Book Club,4.25
Quarry Press,4.1
Quest Books,4.175000000000001
Quill,3.7800000000000002
Quinteto,3.89
RH Audio,4.265
RH Audio Price-less,3.89
RP Minis,3.16
Raintree,5.0
Random House,3.9979999999999998
Random House  Inc.,3.983333333333334
Random House  for Young Readers,4.33
Random House (NY),3.785
Random House (Vintage),3.64
Random House Anchor,3.98
Random House Audio,3.9748484848484846
Random House Audio Publishing Group,4.05
Random House Books for Young Readers,3.9323684210526317
Random House Children's Books,3.9333333333333336
Random House Inc.,4.45
Random House Large Print,3.79
Random House Large Print Publishing,4.11
Random House Mondadori,4.01
Random House Para Ninos,4.09
Random House Puzzles & Games,0.0
Random House Reference Publishing,3.9
Random House Trade,3.850714285714286
Random House Trade Paperbacks,3.9130434782608696
Random House UK Distribution,3.25
Random House UK Ltd (A Division of Random House Group),3.66
Random House Value Publishing,3.958888888888889
Random House Value Publishing/TheViking Press,4.17
Random House Vintage,3.97
Random House Vintage Books,3.96
Random House for Young Readers,4.226
Random House: Modern Library,4.08
Random house,4.04
Ravensburger Buchverlag,3.38
Rayo,3.8083333333333336
Razorbill,3.52
Rba Libros,4.21
Re/Search Publications,4.26
Reader's Digest Association,4.38
Readers Digest,4.58
Readers Digest.,4.23
Reaktion Books,3.96
Rebel Press,4.1
Reclam,4.11
Reclam  Ditzingen,3.84
Reclam  Leipzig,4.06
Record,3.78
Recorded Books,4.029999999999999
Recorded Books  Inc.,4.265
Red Dress Ink,3.59
Red Fox,3.9966666666666666
Red Hen Pr,3.96
Redleaf Press,4.35
Regal Books,4.35
Regan Books,3.28
ReganBooks,3.725
Regnery History,4.27
Regnery Publishing,3.8266666666666667
Renaissance Books,4.15
Replica Books,4.13
Revive Publishing,2.86
Rick Steves,4.1
Rider,4.36
Rivages,3.46
River City Publishing,4.13
Riverhead Books,3.81
Riverhead Hardcover,4.055
Riverrun Press (New York  NY),3.92
Rizzoli,4.175
Rizzoli International Publications,3.96
Roaring Brook Press,3.81
Robert Laffont,4.036666666666666
Robert Rose,4.25
Roberts Rinehart Publishers,3.45
Robson Books  London,3.65
Roc,3.9325
Roc Hardcover,3.9
Roc Trade,3.13
Roca Editorial,3.995
Rockport Publishers,3.93
Rodale Books,3.641666666666667
Ronin Publishing (CA),3.83
Rosenberg Publishing,3.58
Rough Guides,3.8600000000000003
Routledge,3.686060606060606
Routledge Classics,3.93
Routledge Falmer,3.96
Routledge Taylor & Francis Books Ltd imprint,4.17
Routledge/Taylor & Francis Ltd.,4.09
Rowman & Littlefield Publishers,3.7325
Rowohlt,3.96
Rowohlt Taschenbuch Verlag GmbH,3.59
Rowohlt Tb,3.8
Rowohlt Tb.,4.14
Rowohlt Verlag,3.99
Roxford Books,4.0
Rufus Publications,4.58
Running Press,3.7509090909090905
Running Press Adult,3.7100000000000004
Running Press Book Publishers,3.615
Running Press Kids,4.1
Rupa & Co,4.23
Russell Enterprises,4.55
Rutgers University Press,3.6224999999999996
Rux Martin/Houghton Mifflin Harcourt,4.31
Ryland Peters & Small,4.08
SCM Press,4.43
Saddleback Educational Publishing  Inc.,4.0
Sage Publications  Inc,3.87
Sage Publications Ltd,4.11
Sagebrush,4.02
Salamandra,3.8150000000000004
Salani,4.37
Salem Press Inc,0.0
SaltRiver,4.13
Samhain Publishing,3.73
Sams,3.96
Samuel French  Inc.,4.0649999999999995
Samuel French Ltd,3.96
San Val,3.88
Santillana USA Publishing Company,3.665
Sarah Crichton Books,4.16
Sasquatch Books,4.16
Saunders,4.33
Sceptre,3.915
Schirmer Mosel,5.0
Schirmer/Mosel,4.28
Schocken,4.041538461538462
Schocken Books,4.203333333333333
Schocken Books Inc,3.935
Scholastic,3.9757575757575756
Scholastic  Inc.,4.0088888888888885
Scholastic Audio Books,3.825
Scholastic Books,4.026666666666666
Scholastic Inc,3.71
Scholastic Inc.,4.059230769230769
Scholastic Nonfiction,4.12
Scholastic Paperbacks,3.88
Scholastic Press,4.085714285714285
Scholastic Reference,3.89
School Specialty Publishing,4.37
Schwartz & Wade Books,3.94
Science Fiction Book Club,4.21
Scribner,3.856164383561644
Scribner Book Company,3.755
Scribner Classics,4.26
Seal,3.7
Seal Books,3.9033333333333338
Seal Press,4.43
Secker,4.16
Secker and Warburg,3.94
See Sharp Press,3.74
Seix Barral,3.783333333333333
Self-Realization Fellowship Publishers,4.44
Semiotext(e),4.36
Sensory Resources,4.11
Sentient Publications,4.01
Serpent's Tail,3.79
Serpents Tail,4.17
Servant Publications,4.67
Seuil,4.09
Seven Stories Press,3.9266666666666663
Severn House,3.96
Severn House Publishers,3.757
Shadow Mountain,3.985
Shambhala,4.1242857142857146
Shambhala Publications,4.19
Shaw,3.98
Shaw Books,4.12
Shaye Areheart Books,3.68
Shepard Publications,3.77
Sholom Aleichem Family Publications,4.17
Shueisha,4.346666666666667
Sidgwick & Jackson Ltd,3.79
Sidran Press,4.25
Sierra Club Books,4.1
Siete Cuentos,3.73
Signet,3.9445454545454544
Signet Book,4.0088888888888885
Signet Books (NY),3.97
Signet Classic,4.07
Signet Classics,3.8813043478260867
Silhouette,3.8783333333333334
Silhouette Bombshell,3.72
Silhouette Books,3.7357142857142853
Silhouette Desire,3.6825
Silhouette Romance,3.6100000000000003
Silhouette Special Edition,3.96
Siloam,3.84
Simon  Schuster,3.925230769230769
Simon  Schuster Audio,3.815555555555556
Simon  Schuster Books for Young Readers,3.834285714285714
Simon  Schuster/Paula Wiseman Books,3.9225
Simon & Schuster,3.9634090909090913
Simon & Schuster (Trade Division),3.475
Simon & Schuster Adult Publishing Group,3.82
Simon & Schuster Aladddin Paperbacks,4.07
Simon & Schuster Audio,3.901
Simon & Schuster Books for Young Readers,3.936666666666666
Simon & Schuster Children's Publishing,4.25
Simon & Schuster Childrens Books,3.9971428571428573
Simon & Schuster Libros en Español,4.16
Simon & Schuster Paperbacks,4.06
Simon & Schuster Simon Pulse,3.85
Simon & Schuster; Media Tie-In edition,4.43
Simon Publications,4.32
Simon Pulse,4.033333333333333
Simon Schuster,3.8825000000000003
Simon and Schuster,3.9619999999999997
Simple Productions,3.62
Sinauer Associates,3.92
Skinner House Books,4.75
Sky Books (NY),3.89
Skylight Paths Publishing,3.95
Sleeping Bear Press,3.88
Small Beer Press,3.785
Smart Pop,3.6799999999999997
Smithmark Publishers,3.9
Smithsonian Books,4.47
Soft Skull Press,3.715
Soho Crime,3.7566666666666664
Soho Press,3.77
Sophia Institute Press,4.14
Soundings,4.09
Sounds True,3.82
Sourcebooks,3.9166666666666665
South End Press,4.17
South End Press (Boston),3.94
Southern Methodist University Press,4.31
Souvenir Press,4.036666666666666
Sovereign World,4.46
Spark Publishing,4.0
SparkNotes,3.7154545454545453
Speak,3.6900000000000004
Specialty Press,3.0
Spectra,3.9181818181818184
Spectra Books,3.8263636363636366
Spectra/Bantam Books (NYC),3.82
Sphere,3.67
Springer,3.254
Square Fish,4.086666666666667
Square One Publishers,5.0
St. Augustines Press,4.5
St. Martin's,3.96
St. Martin's Griffin,3.924186046511628
St. Martin's Minotaur,3.22
St. Martin's Paperback,3.44
St. Martin's Paperbacks,3.9318918918918917
St. Martin's Press,3.99
St. Martin's True Crime,3.79
St. Martins Press,3.84
St. Martins Press-3PL,3.9444444444444446
Stackpole Books,3.91
Stanford University Press,3.933333333333333
Stanford University Press (Stanford  CA),4.21
Star Trek,3.6799999999999997
Starcatcher Press,3.5949999999999998
Starfire,4.43
Starscape,4.026
State University of New York Press,3.73
Steerforth,3.835
Steerforth Press,4.19
Steidl,4.73
Stenhouse Publishers,4.12
Sterling,4.057333333333333
Sterling Children's Books,3.83
Sterling Publishing Co.  Inc.,4.12
Stewart  Tabori and Chang,3.67
Sticker Design (DC Comics),3.97
Stone Bridge Press,3.9850000000000003
Stonewall Inn Editions,4.37
Storey Publishing  LLC,3.725
Subterranean Press,3.62
Sudamericana,4.07
Suhrkamp,3.934
Suma,3.92
Suma de Letras Brasileiras,3.78
Sumach Press,3.43
Summit University Press,4.0
Sun & Moon Press,3.74
Sun and Moon Press,3.9000000000000004
Sunburst,3.72
Sunstone Press,3.39
Sutton,3.67
Sutton Publishing,3.57
Swallow Press,3.8
Sweet Valley,3.9299999999999997
T&T Clark Int'l,5.0
TEA,3.89
TIme Warner Books,4.0
TSR,3.5
TSR Inc.,4.0
TSR Inc./Wizards of the Coast,4.02
Tachyon Publications,4.033333333333333
Tanglewood,4.43
Tantor Media,3.76
Taplinger Publ. Company,3.44
Taplinger Publishing,4.08
Tarcher,3.62
TarcherPerigee,3.9975
Tarcherperigee,3.7328571428571427
Taschen,3.8449999999999998
Taunton Press,4.37
Tauris Parke Paperbacks,3.72
Taylor Productions Ltd,4.28
Teacher Created Resources,4.0
Teacher's Pet Publications,4.86
Teacher's Pet Publications  Inc.,1.0
Teachers College Press,4.0
Teaching Resources,4.2625
Temenos Press,3.4
Ten Speed Press,3.99
Texas A&M University Press,5.0
Th1nk Books,3.49
Thames  Hudson,4.0475
Thames & Hudson,4.12
Thames & Hudson Ltd,4.04
That Patchwork Place,4.25
The Audio Partners,3.83
The Berkley Publishing Group,4.02
The Bodley Head Ltd,4.17
The Chicken House,3.92
The Crossroad Publishing Company,4.3
The Disinformation Company (NYC),3.64
The Guilford Press,3.6375
The Harvill Press,4.23
The Liffey Press,3.82
The MIT Press,3.5300000000000002
The Modern Library,3.82
The Modern Library New York,4.3
The Monacelli Press,4.220000000000001
The New Press,3.956666666666667
The New York Review Children's Collection,4.21
The Orion Publishing Group Ltd,3.93
The Overlook Press,4.215
The Putnam & Grosset Group,4.24
Theatre Communications Group,3.752
Thomas Dunne Books,3.79
Thomas Nelson,4.049047619047619
Thomas Nelson Publishers,3.72
Thomas Publications (PA),4.03
Thomas Y. Crowell Company,4.21
Thorndike Press,3.7566666666666664
Thorndike Press Large Print,4.359999999999999
Three Rivers Press,3.879
Three Rivers Press (CA),3.918333333333333
Thunder's Mouth Press Books,3.17
Timber Press (OR),3.83
Time Life Books,4.0
Time Life Medical,3.839
Time Warner Books UK,4.63
Time Warner Paperbacks,4.085
Time-Life Books,3.88
Time-Life Books  Inc.,3.56
Timeless Texts,4.25
Times Books,3.835
Tin House Books,4.1
Tin House Magazine,3.9
Tinder Press,3.7
Titan,4.18
Titan Books,3.9450000000000003
Titan Books Ltd,3.28
TokyoPop,4.0873684210526315
Tokyopop,3.72
Tom Doherty Associates,3.81
Tom Doherty Associates/Orb Books,4.29
Tom Doherty Tor Fantasy,4.24
Tommy Nelson,3.955
Top Shelf Productions,3.905
Topaz,3.49
Tor,4.15
Tor Books,3.835131578947369
Tor Classics,3.86
Tor Fantasy,3.7769999999999997
Tor Science Fiction,3.6675
Totem Books,3.5566666666666666
Touchstone,3.9174999999999995
Touchstone Books,4.021428571428571
Tougher Disguises,4.32
Townsend Press,3.64
Trafalgar Square Publishing,2.75
Trafford Publishing,3.49
Transaction Publishers,3.87
Transworld Publishers,3.8266666666666667
Transworld Publishers Ltd,4.1
Travelers' Tales,3.38
Treat Enterprises,3.63
Trine Day,3.92
Triple Crown Publications,4.449999999999999
Troll Communications,4.03
Tropismos,3.84
Turtleback,3.87
Turtleback Books,3.946153846153846
Turtleback Books Distributed by Demco Media,4.17
TusQuets,3.9
Tusquets,3.81
Tuttle Publishing,3.915
Twayne Publishers,3.78
Twenty-First Century Books (CT),4.0
Twin Palms Publishers,4.54
Two Lions,3.27
Two Plus Two Publishing LLC,4.2
Tyndale House Publishers,4.26
Tyndale Momentum,4.34
US Green Building Council,4.12
US Naval Institute Press,4.16
Ullstein,3.85
Ullstein Buchverlage GmbH & Co. KG / Ullstein Tas,4.41
Ullstein Tb,4.415
Ulysses Press,4.115
Umbriel,3.652
Underwood/Miller  Berkley,3.79
Union Square Press,4.2
Univ Of Minnesota Press,4.02
Universal Publishers,4.0
Universe,4.295
Universe Publishing(NY),4.83
University Of Chicago Press,4.12875
University Of Minnesota Press,4.34
University Press of America,3.98
University Press of Florida,4.16
University Press of Kansas,3.8675
University Press of Kentucky,3.9299999999999997
University Press of Mississippi,4.011428571428572
University Press of New England,5.0
University of Alaska Press,3.5
University of Arizona Press,4.0
University of Arkansas Press,4.015000000000001
University of Calgary Press,3.88
University of California Press,3.998076923076923
University of Chicago Press,4.022142857142858
University of Georgia Press,4.0525
University of Illinois Press,3.8725
University of Massachusetts Press,3.7566666666666664
University of Michigan Press,4.058
University of Minnesota Press,4.12
University of Nebraska Press,3.675
University of New Mexico Press,3.52
University of North Carolina Press,3.8800000000000003
University of Notre Dame Press,3.83
University of Oklahoma Press,4.10375
University of Pennsylvania Press,3.9933333333333336
University of Pittsburgh Press,4.33
University of South Carolina Press,3.75
University of Texas Press,4.29
University of Texas Press (Austin/London),3.96
University of Toronto Press,2.0
University of Utah Press,3.73
University of Washington Press,4.0925
University of Wisconsin Press,3.65
Unwin Paperbacks,3.92
Urban Books,4.38
Urion Press,4.32
Usborne Books,3.35
VIZ Media,4.428571428571429
VIZ Media LLC,4.242613636363637
Vacation Work Publications,3.57
Van Patten Publishing,4.39
Vanderbilt University Press,3.14
Vanguard Press,3.8
Vantage Press,5.0
VeloPress,4.29
Vendome Press,3.68
Verba Mundi,3.8
Veritas Publishing,4.5
Vermilion,3.974
Verso,3.9679999999999995
Versus Press,3.37
Vertical,3.6999999999999997
Vertigo,4.160714285714286
Vertigo (DC Comics),3.07
Victor Gollancz,3.84
Vida,4.35
Viking,3.946
Viking Adult,3.9814285714285718
Viking Books,3.772307692307692
Viking Books for Young Readers,4.285
Viking Children's Books,4.045
Viking Juvenile,4.015
Viking Penguin Inc.,3.73
Viking Press,4.01
Viking UK,4.14
Viking; G. P. Putnam & Sons,4.13
Villard,3.82625
Villard Books,3.97
Vince Emery Productions,3.98
Vintage,3.8941823899371064
Vintage Books,3.9438461538461533
Vintage Books USA,3.999
Vintage Books a division of Random House,4.35
Vintage Books/Vintage Classics,3.97
Vintage Classics,4.001739130434783
Vintage Contemporaries,3.9525
Vintage Crime,4.01
Vintage Crime/Black Lizard,3.9593333333333334
Vintage Espanol,3.785
Vintage International,3.8527777777777774
Vintage/Ebury,3.92
Vintage/Ebury (A Division of Random House Group),3.73
Vintage/Random House (NY),4.03
Vintage/Random House Inc. (NYC),3.91
Virago,3.92
Virago Press (UK),4.23
Virago Press Ltd,4.11
Virago UK,3.77
Virgin Publishing,3.3166666666666664
Vision,3.8561538461538456
Vision Forum,4.1
Vivendi,3.81
Viz Media,4.1770000000000005
Voice,2.93
Volo,2.75
Voyager,4.045
Voyageur Press,4.45
W Publishing Group,4.04
W. W. Norton  Company,4.004117647058823
W. W. Norton & Co.,3.43
W. W. Norton & Company,3.9655813953488375
W. W. Norton and Company,3.77
W.W. Norton,4.0600000000000005
W.W. Norton  Company,3.62
W.W. Norton & Company,3.95625
W.W. Norton & Company  Inc. (NY),3.78
W.W. Norton & Company (NY),4.1
W.W. Norton & Company (NY/London),3.94
W.W. Norton & Company (NYC),3.8850000000000002
Wadsworth Publishing Company,3.5475
Waking Lion Press,3.8150000000000004
Walker,3.94
Walker & Company,3.6633333333333336
Walker Books,4.010000000000001
Walker Books Ltd,3.95
Walter Foster Publishing,1.0
Walter de Gruyter,3.84
Warne,4.2700000000000005
Warner,4.085
Warner Adult,4.11
Warner Books,3.9124
Warner Books (NY),3.904285714285714
Warner Forever,3.975
Warner Vision,3.83
Warners Visions Books,4.04
Wasendorf & Associates Inc,3.93
Washington Square Press,3.7891891891891887
WaterBrook,3.61
Waterbrook Press,3.855
Watkins,4.08
Watkins Publishing,3.57
Watson-Guptill,4.12
Watson-Guptill Publications,4.06
Waveland Press,4.08
Wayne State University Press,4.220000000000001
Webster's New World,4.32
Weidenfeld & Nicolson,4.025
Weiser Books,4.1
Welcome Books,4.88
Wenner Books,4.11
Wesleyan University Press,4.09
Western Publishing Company  Golden Books,4.62
Westholme Publishing,4.47
Westminster John Knox Press,3.8125
Westview Press,3.75
Wheeler Publishing,3.9625
Whitaker House,4.239999999999999
White Wolf Games Studio,3.58
Wildside Press,3.891428571428571
Wildstorm,4.04
Wiley,3.883181818181818
Wiley (TP),4.37
Wiley Publishing,3.6849999999999996
Wiley Publishing  Inc.,3.84
Wiley-Blackwell,3.8614285714285717
Wilhelm Goldmann Verlag  GmbH,3.8950000000000005
William B. Eerdmans Publishing Company,4.096666666666667
William Heinemann,3.93
William Heinemann Ltd.,4.42
William Morrow,3.950714285714286
William Morrow & Company,3.985
William Morrow & Company  Inc.,4.39
William Morrow & Company (NYC),4.11
William Morrow / Harper,4.25
William Morrow / HarperCollins / Harper Perennial,4.25
William Morrow Paperbacks,3.778620689655172
William Morrow; 1ST edition,4.13
Windsor Golden Series,4.31
Wings,3.9769999999999994
Wings Books,4.243333333333333
Winter on the Farm (My First Little House),4.15
Wipf & Stock Publishers,3.72
Wisdom Publications,4.21
Wizarding World Press,4.05
Wizards of the Coast,3.8737931034482758
Woodbridge Press Publishing Company,3.47
Woodrow Wilson Center Press / Johns Hopkins University Press,3.5
Wordsworth Classics,4.38
Wordsworth Editions,3.882222222222222
Workman Publishing Company,4.0685714285714285
World Wrestling Entertainment Books,3.62
Worth Publishers,3.99
Writer's Digest Books,3.9675
Wyatt Book,4.0
Xlibris Corporation,4.07
Xulon Press,4.0
Y Lolfa,5.0
Yale University Press,3.9684
Yale University Press (New Haven  CT),4.02
Yapı Kredi Yayınları,4.42
Yearling,3.8978571428571427
Yearling Books,3.9055555555555554
Yellow Jersey,3.62
Yesterday's Classics,3.5
York Press,3.6
Yoruba Theological Archministry,4.39
Yosemite Conservancy,3.96
Young Picador,3.19
YoungJin Singapore Pte. Ltd.,3.57
Your Coach Digital,4.06
Zebra,3.658
Zebra Books,3.9
Zenith Press,3.91
Zeta Bolsillo,4.12
Zondervan,3.9792307692307696
Zondervan Publishing Company,3.8466666666666662
Zondervan Publishing House,4.7
btb,4.03
dtv,4.17
iBooks,3.77
iUniverse,4.28
l'ecole des loisirs,4.17
rbooks,4.08
Éditions 10/18,4.02
Éditions de L'Olivier,3.82
Éditions de Minuit,3.83
Éditions du Rocher,3.33
Эксмо,4.3
ガンガンコミックス,4.548
ビブロス,4.37
小学館,4.232666666666667
小学館 [Shōgakukan],4.06
時報出版,3.79
東立,4.55625
皇冠文化出版有限公司,4.5649999999999995
聯經出版事業股份有限公司,4.4
英文漢聲出版股份有限公司,4.22
角川書店 (Kadokawa Shoten),3.8150000000000004
講談社,4.283333333333333
集英社,4.2375
